{
  "test_duration": 120.0,
  "results": {
    "sequential": {
      "time": 7.310304880142212,
      "segments": 4,
      "rtf": 16.415184040541078
    },
    "batch_4": {
      "time": 9.863036870956421,
      "segments": 4,
      "rtf": 12.166638082167442
    },
    "batch_8": {
      "time": 6.312561988830566,
      "segments": 4,
      "rtf": 19.00971431446182
    }
  },
  "model": "tiny"
}